<environmentvariabledefinition schemaname="contoso_AzureDIFunctionHostName">
  <description default="Document indexer Azure Function host name">
    <label description="Document indexer Azure Function host name" languagecode="1033" />
  </description>
  <displayname default="Azure Function Host Name">
    <label description="Azure Function Host Name" languagecode="1033" />
  </displayname>
  <introducedversion>1.0.0.1</introducedversion>
  <iscustomizable>1</iscustomizable>
  <isrequired>0</isrequired>
  <secretstore>0</secretstore>
  <type>100000000</type>
</environmentvariabledefinition>